gpu_model,region,market_count,market_median,market_mean,market_p25,market_p75,market_iqr
H100,Global,13,2.3,2.5194230769230765,2.24,2.99,0.75
H200,Global,6,3.005,3.0883333333333334,2.5725,3.3775000000000004,0.8050000000000006
H100,US,2,10.995,10.995,6.492500000000001,15.497499999999999,9.004999999999999
